track_name,artist(s)_name,artist_count,released_year,released_month,released_day,in_spotify_playlists,in_spotify_charts,streams
Seven (feat. Latto) (Explicit Ver.),"Latto, Jung Kook",2,2023,7,14,553,147,141381703
LALA,Myke Towers,1,2023,3,23,1474,48,133716286
vampire,Olivia Rodrigo,1,2023,6,30,1397,113,140003974
WHERE SHE GOES,Bad Bunny,1,2023,5,18,3133,50,303236322
Sprinter,"Dave, Central Cee",2,2023,6,1,2186,91,183706234
Ella Baila Sola,"Eslabon Armado, Peso Pluma",2,2023,3,16,3090,50,725980112
Columbia,Quevedo,1,2023,7,7,714,43,58149378
fukumean,Gunna,1,2023,5,15,1096,83,95217315
La Bebe - Remix,"Peso Pluma, Yng Lvcas",2,2023,3,17,2953,44,553634067
un x100to,"Bad Bunny, Grupo Frontera",2,2023,4,17,2876,40,505671438
Super Shy,NewJeans,1,2023,7,7,422,55,58255150
Flowers,Miley Cyrus,1,2023,1,12,12211,115,1316855716
Daylight,David Kushner,1,2023,4,14,3528,98,387570742
Cupid - Twin Ver.,Fifty Fifty,1,2023,2,24,2942,77,496795686
"What Was I Made For? [From The Motion Picture ""Barbie""]",Billie Eilish,1,2023,7,13,873,104,30546883
Classy 101,"Feid, Young Miko",2,2023,3,31,2610,40,335222234
Like Crazy,Jimin,1,2023,3,24,596,68,363369738
LADY GAGA,"Gabito Ballesteros, Junior H, Peso Pluma",3,2023,6,22,332,26,86444842
I Can See You (Taylorï¿½ï¿½ï¿½s Version) (From The ,Taylor Swift,1,2023,7,7,516,38,52135248
"Peso Pluma: Bzrp Music Sessions, Vol. 55","Bizarrap, Peso Pluma",2,2023,5,31,1313,40,200647221
Popular (with Playboi Carti & Madonna) - The Idol Vol. 1 (Music from the HBO Original Series),"The Weeknd, Madonna, Playboi Carti",3,2023,6,2,1945,87,115364561
SABOR FRESA,Fuerza Regida,1,2023,6,22,250,26,78300654
MOJABI GHOST,"Tainy, Bad Bunny",2,2023,6,29,859,40,61245289
Last Night,Morgan Wallen,1,2023,1,31,2420,19,429829812
Dance The Night (From Barbie The Album),Dua Lipa,1,2023,5,25,2988,101,127408954
Rush,Troye Sivan,1,2023,7,13,864,78,22581161
TULUM,"Peso Pluma, Grupo Frontera",2,2023,6,28,266,34,52294266
TQG,"Karol G, Shakira",2,2023,2,23,4284,49,618990393
Los del Espacio,"Big One, Duki, Lit Killah, Maria Becerra, FMK, Rusherking, Emilia, Tiago pzk",8,2023,6,1,1150,31,123122413
Frï¿½ï¿½gil (feat. Grupo Front,"Yahritza Y Su Esencia, Grupo Frontera",2,2023,4,7,672,34,188933502
TQM,Fuerza Regida,1,2023,5,19,584,28,176553476
El Azul,"Junior H, Peso Pluma",2,2023,2,10,692,25,354495408
Barbie World (with Aqua) [From Barbie The Album],"Nicki Minaj, Aqua, Ice Spice",3,2023,6,23,1117,80,65156199
Die For You - Remix,"Ariana Grande, The Weeknd",2,2023,2,24,3408,47,518745108
El Cielo,"Feid, Myke Towers, Sky Rompiendo",3,2023,6,2,1298,38,107753850
Baby Don't Hurt Me,"David Guetta, Anne-Marie, Coi Leray",3,2023,4,6,4277,66,177740666
AMARGURA,Karol G,1,2023,2,24,1133,39,153372011
(It Goes Like) Nanana - Edit,Peggy Gou,1,2023,6,15,2259,59,57876440
Moonlight,Kali Uchis,1,2023,2,24,2649,42,256483385
S91,Karol G,1,2023,7,14,525,41,16011326
Tï¿½ï¿,"dennis, MC Kevin o Chris",2,2023,5,4,731,15,111947664
Boy's a liar Pt. 2,"PinkPantheress, Ice Spice",2,2023,2,3,5184,41,156338624
BESO,"Rauw Alejandro, ROSALï¿½",2,2023,3,24,4053,50,357925728
Overdrive,Post Malone,1,2023,7,14,410,36,14780425
Enchanted (Taylor's Version),Taylor Swift,1,2023,7,7,148,24,39578178
BABY HELLO,"Rauw Alejandro, Bizarrap",2,2023,6,23,1004,35,54266102
CORAZï¿½ï¿½N VA,Maria Becerra,1,2023,6,22,370,20,43857627
Novidade na ï¿½ï¿,"Mc Livinho, DJ Matt D",2,2023,6,23,267,9,39709092
Back To December (Taylor's Version),Taylor Swift,1,2023,7,7,139,17,39228929
El Merengue,"Marshmello, Manuel Turizo",2,2023,3,3,2114,44,223633238
Fast Car,Luke Combs,1,2023,3,24,1446,12,157058870
What It Is (Solo Version),Doechii,1,2023,3,17,804,25,95131998
Coco Chanel,"Bad Bunny, Eladio Carrion",2,2023,3,17,1962,38,250305248
All My Life (feat. J. Cole),"J. Cole, Lil Durk",2,2023,5,12,2175,23,144565150
Say Yes To Heaven,Lana Del Rey,1,2023,3,17,2000,46,127567540
Take Two,BTS,1,2023,6,9,674,47,118482347
Chemical,Post Malone,1,2023,4,14,2528,39,172825906
New Jeans,NewJeans,1,2023,7,7,77,35,29562220
LAGUNAS,"Jasiel Nuï¿½ï¿½ez, Peso P",2,2023,6,22,58,18,39058561
Mine (Taylor's Version),Taylor Swift,1,2023,7,7,99,15,36912123
Tattoo,Loreen,1,2023,2,25,2988,59,201660859
Rara Vez,"Taiu, Milo j",2,2023,2,8,893,38,248088961
VAGABUNDO,"Sebastian Yatra, Manuel Turizo, Beï¿½ï",3,2023,5,12,1094,34,90839753
LUNA,"Junior H, Peso Pluma",2,2023,6,22,201,11,55842345
Miracle (with Ellie Goulding),"Calvin Harris, Ellie Goulding",2,2023,3,10,5120,48,211050784
"Rauw Alejandro: Bzrp Music Sessions, Vol. 56","Rauw Alejandro, Bizarrap",2,2023,6,21,871,32,66902503
Queencard,(G)I-DLE,1,2023,5,15,451,33,96273746
OMG,NewJeans,1,2023,1,2,1783,27,430977451
"Shakira: Bzrp Music Sessions, Vol. 53","Shakira, Bizarrap",2,2023,1,11,5724,44,721975598
"Calling (Spider-Man: Across the Spider-Verse) (Metro Boomin & Swae Lee, NAV, feat. A Boogie Wit da Hoodie)","Swae Lee, A Boogie Wit da Hoodie, Metro Boomin, NAV",4,2023,6,2,1051,16,109276132
"Tere Vaaste (From ""Zara Hatke Zara Bachke"")","Sachin-Jigar, Shadab Faridi, Altamash Faridi, Amitabh Bhattacharya, Varun Jain",5,2023,5,22,182,8,54225632
Novo Balanï¿½,"Veigh, Bvga Beatz, Supernova Ent, Prod Malax",4,2023,5,19,283,7,81102253
"Gol Bolinha, Gol Quadrado 2","Mc Pedrinho, DJ 900",2,2023,6,1,293,8,11956641
QUEMA,"Sog, Ryan Castro, Peso Pluma",3,2023,7,13,437,31,11599388
El Gordo Trae El Mando,Chino Pacas,1,2023,1,27,539,21,255932395
Mi Bello Angel,Natanael Cano,1,2023,6,30,86,8,31873544
Bye,Peso Pluma,1,2023,5,26,324,14,95053634
Nosso Quadro,"Ana Castela, AgroPlay",2,2023,2,2,894,9,233801632
Un Finde | CROSSOVER #2,"Big One, FMK, Ke personajes",3,2023,4,4,561,14,142095275
PRC,"Natanael Cano, Peso Pluma",2,2023,1,23,961,26,436027885
"Am I Dreaming (Metro Boomin & A$AP Rocky, Roisee)","A$AP Rocky, Metro Boomin, Roisee",3,2023,6,2,727,16,94186466
ýýýýýýýýýýýý,YOASOBI,1,2023,4,12,356,16,143573775
Fin de Semana,"Oscar Maydon, Junior H",2,2023,1,13,592,14,307370144
Cheques,Shubh,1,2023,5,19,67,8,47956378
Better Than Revenge (Taylor's Version),Taylor Swift,1,2023,7,7,86,11,30343206
POLARIS - Remix,"Feid, Mora, Saiko, Quevedo",4,2023,6,8,773,33,57312735
"Annihilate (Spider-Man: Across the Spider-Verse) (Metro Boomin & Swae Lee, Lil Wayne, Offset)","Swae Lee, Lil Wayne, Offset, Metro Boomin",4,2023,6,2,551,4,86773632
"Angel Pt 1 (feat. Jimin of BTS, JVKE & Muni Long)","Kodak Black, NLE Choppa, Muni Long, JVKE, Jimin",5,2023,5,1,577,14,133753727
Acrï¿½ï¿½s,Shakira,1,2023,5,11,955,29,123124076
"Phir Aur Kya Chahiye (From ""Zara Hatke Zara Bachke"")","Arijit Singh, Sachin-Jigar, Amitabha Bhattacharya",3,2023,5,15,178,6,64533040
S-Class,Stray Kids,1,2023,6,2,290,19,65496046
Hits Different,Taylor Swift,1,2023,5,26,547,0,68616963
Chanel,"Becky G, Peso Pluma",2,2023,3,30,681,10,161460990
Self Love (Spider-Man: Across the Spider-Verse) (Metro Boomin & Coi Leray),"Metro Boomin, Coi Leray",2,2023,6,2,332,5,70106975
Area Codes,"Kaliii, Kaliii",2,2023,3,17,1197,13,113509496
Abcdario,"Junior H, Eden Muï¿½ï",2,2023,5,13,262,5,89933133
Piï¿½ï¿½man Deï¿,"Semicenk, Doï¿½ï¿½u ",2,2023,6,2,185,3,43522589
FLOWER,JISOO,1,2023,3,31,839,18,232896922
"All The Way Live (Spider-Man: Across the Spider-Verse) (Metro Boomin & Future, Lil Uzi Vert)","Future, Lil Uzi Vert, Metro Boomin",3,2023,6,2,259,0,37126685
Eyes Closed,Ed Sheeran,1,2023,3,23,2915,30,195576623
Karma (feat. Ice Spice),"Taylor Swift, Ice Spice",2,2023,5,26,588,0,46142772
Las Morras,"BLESSD, Peso Pluma",2,2023,4,4,291,8,127026613
Snow On The Beach (feat. More Lana Del Rey),"Lana Del Rey, Taylor Swift",2,2023,5,26,359,2,60350538
Bite Me,ENHYPEN,1,2023,5,22,349,69,76767396
Stand By Me (feat. Morgan Wallen),"Lil Durk, Morgan Wallen",2,2023,5,26,381,5,46065667
Hummingbird (Metro Boomin & James Blake),"James Blake, Metro Boomin",2,2023,6,2,277,1,39666245
Seu Brilho Sumiu - Ao Vivo,"Israel & Rodolffo, Mari Fernandez",2,2023,3,1,967,5,138517666
Lilith (feat. SUGA of BTS) (Diablo IV Anthem),"Halsey, Suga",2,2023,6,5,215,6,51985779
69,"Nicky Jam, Feid",2,2023,5,18,1134,22,57945987
Niï¿½ï¿½a Bo,"Sean Paul, Feid",2,2023,4,21,1305,34,115010040
Search & Rescue,Drake,1,2023,4,7,2066,6,175097833
AMERICA HAS A PROBLEM (feat. Kendrick Lamar),"Kendrick Lamar, Beyoncï¿",2,2023,5,19,896,0,57089066
"Link Up (Metro Boomin & Don Toliver, Wizkid feat. BEAM & Toian) - Spider-Verse Remix (Spider-Man: Across the Spider-Verse )","WizKid, Toian, Metro Boomin, Don Toliver, Beam",5,2023,6,2,197,0,32761689
Erro Gostoso - Ao Vivo,Simone Mendes,1,2023,1,27,984,5,153454328
Cupido,Tini,1,2023,2,14,1240,24,217672943
Cartï¿½ï¿½o B,"MC Caverinha, KayBlack",2,2023,5,11,269,4,71573339
Danger (Spider) (Offset & JID),"Offset, JID",2,2023,6,2,214,0,24975653
Oi Balde - Ao Vivo,Zï¿½ï¿½ Neto & Crist,1,2023,2,14,845,2,145458418
Mejor Que Yo,"Mambo Kingz, DJ Luian, Anuel Aa",3,2023,5,4,675,1,50847624
Curtains,Ed Sheeran,1,2023,5,5,715,0,39893489
UNFORGIVEN (feat. Nile Rodgers),"Nile Rodgers, LE SSERAFIM",2,2023,5,1,327,13,92035115
Haegeum,Agust D,1,2023,4,21,244,12,118810253
Conexï¿½ï¿½es de Mï¿½ï¿½fia (feat. Rich ,"Rich The Kid, Matuï¿",2,2023,4,30,385,4,77233241
MIENTRAS ME CURO DEL CORA,Karol G,1,2023,2,24,1020,35,206399629
Never Felt So Alone,Labrinth,1,2023,4,7,1730,3,117747907
X SI VOLVEMOS,"Karol G, Romeo Santos",2,2023,2,2,2127,33,266624541
Cupid,Fifty Fifty,1,2023,2,24,526,10,139681964
I AM,IVE,1,2023,4,10,366,15,123132751
Shorty Party,"Cartel De Santa, La Kelly",2,2023,3,4,432,12,162887075
Super,SEVENTEEN,1,2023,4,24,271,12,91221625
Double Fantasy (with Future),"The Weeknd, Future",2,2023,4,21,1169,0,96180277
Princess Diana (with Nicki Minaj),"Nicki Minaj, Ice Spice",2,2023,4,14,1444,4,104992946
Di Que Si,"Grupo Marca Registrada, Grupo Frontera",2,2023,2,3,356,10,147290338
Shoong! (feat. LISA of BLACKPINK),"TAEYANG, Lisa",2,2023,4,25,351,9,76910644
Watch This - ARIZONATEARS Pluggnb Remix,"sped up nightcore, ARIZONATEARS, Lil Uzi Vert",3,2023,2,5,1638,10,207033255
Mami Chula,"Quevedo, Jhayco",2,2023,4,27,875,4,61105704
Set Me Free Pt.2,Jimin,1,2023,3,17,340,13,168448603
Don't ever say love me (feat. RM of BTS),"RM, Colde",2,2023,5,4,105,0,34502215
Like Crazy (English Version),Jimin,1,2023,3,24,373,19,173627354
Rosa Pastel,"Jasiel Nuï¿½ï¿½ez, Peso P",2,2023,2,2,200,4,90025258
Mas Rica Que Ayer,"Mambo Kingz, DJ Luian, Anuel Aa",3,2023,3,2,1208,34,146409671
People Pt.2 (feat. IU),"IU, Agust D",2,2023,4,7,209,4,95816024
REMIX EXCLUSIVO,Feid,1,2023,3,17,1235,9,117206995
"Arcï¿½ï¿½ngel: Bzrp Music Sessions, Vol","Arcangel, Bizarrap",2,2023,3,22,654,3,100409613
DOGTOOTH,"Tyler, The Creator",2,2023,3,27,1479,0,80758350
SORRY NOT SORRY,"Tyler, The Creator",2,2023,3,31,709,0,58473276
HAPPY,NF,1,2023,3,25,660,0,52722996
I Know - PR1SVX Edit,"Kanii, PR1ISVX",2,2023,3,24,407,0,77377503
VOID,Melanie Martinez,1,2023,3,29,596,0,67070410
Dijeron Que No La Iba Lograr,"Fuerza Regida, Chino Pacas",2,2023,3,14,320,6,116334601
If We Ever Broke Up,Mae Stephens,1,2023,2,10,2040,4,165584767
Peaches (from The Super Mario Bros. Movie),Jack Black,1,2023,4,7,34,0,68216992
Tormenta (feat. Bad Bunny),"Gorillaz, Bad Bunny",2,2023,2,24,1529,0,149778242
on the street (with J. Cole),"j-hope, J. Cole",2,2023,3,3,615,2,116599790
Ainï¿½ï¿½ï¿½t Tha,Morgan Wallen,1,2023,3,3,356,4,88791109
Thinkinï¿½ï¿½ï¿½ B,Morgan Wallen,1,2023,3,3,604,6,125917280
Private Landing (feat. Justin Bieber & Future),"Don Toliver, Future, Justin Bieber",3,2023,2,23,1190,0,105062254
Everything I Love,Morgan Wallen,1,2023,1,31,579,0,95623148
Heaven,Niall Horan,1,2023,2,17,1553,2,144584800
Sial,Mahalini,1,2023,1,23,134,4,166570053
I Wrote The Book,Morgan Wallen,1,2023,1,31,430,0,83021468
Man Made A Bar (feat. Eric Church),"Morgan Wallen, Eric Church",2,2023,3,3,329,0,58890931
Red Ruby Da Sleeze,Nicki Minaj,1,2023,3,3,1168,0,81419389
PERO Tï¿,"Karol G, Quevedo",2,2023,2,23,387,11,93438910
ýýý98 Braves,Morgan Wallen,1,2023,3,3,282,0,56533272
WANDA,Quevedo,1,2023,1,20,888,22,175399345
Love Again,The Kid Laroi,1,2023,1,27,1283,0,147538971
Born With A Beer In My Hand,Morgan Wallen,1,2023,3,3,203,0,34450974
Devil Donï¿½ï¿½ï¿½,Morgan Wallen,1,2023,3,3,166,0,32526947
LLYLM,ROSALï¿½,1,2023,1,27,1838,0,124988687
I'm Not Here To Make Friends,"Sam Smith, Calvin Harris, Jessie Reyez",3,2023,1,27,1890,0,103787664
TRUSTFALL,P!nk,1,2023,1,27,2098,16,134255790
VIBE (feat. Jimin of BTS),"TAEYANG, Jimin",2,2023,1,13,415,2,152850295
Muï¿½ï¿½,"Steve Aoki, Tini, La Joaqui",3,2023,1,12,658,6,120972253
Sugar Rush Ride,TOMORROW X TOGETHER,1,2023,1,27,359,0,107642809
As It Was,Harry Styles,1,2022,3,31,23575,130,2513188493
Kill Bill,SZA,1,2022,12,8,8109,77,1163093654
Calm Down (with Selena Gomez),"Rï¿½ï¿½ma, Selena G",2,2022,3,25,7112,77,899183384
Creepin',"The Weeknd, 21 Savage, Metro Boomin",3,2022,12,2,6036,88,843957510
Anti-Hero,Taylor Swift,1,2022,10,21,9082,56,999748277
I'm Good (Blue),"Bebe Rexha, David Guetta",2,2022,8,26,12482,80,1109433169
I Ain't Worried,OneRepublic,1,2022,5,13,8431,76,1085685420
La Bachata,Manuel Turizo,1,2022,5,26,6804,45,1214083358
Left and Right (Feat. Jung Kook of BTS),"Charlie Puth, BTS, Jung Kook",3,2022,6,24,3107,39,720434240
Hey Mor,"Ozuna, Feid",2,2022,10,6,4637,38,674072710
Karma,Taylor Swift,1,2022,10,21,3818,23,404562836
People,Libianca,1,2022,12,2,3506,56,373199958
golden hour,JVKE,1,2022,7,15,4511,36,751134527
"Quevedo: Bzrp Music Sessions, Vol. 52","Bizarrap, Quevedo",2,2022,7,6,8506,45,1356565093
Here With Me,d4vd,1,2022,7,17,3246,23,635412045
Unholy (feat. Kim Petras),"Sam Smith, Kim Petras",2,2022,9,22,8576,42,1230675890
Yandel 150,"Yandel, Feid",2,2022,12,20,3618,38,585695368
Until I Found You (with Em Beihold) - Em Beihold Version,"Em Beihold, Stephen Sanchez",2,2022,4,22,2790,30,600976848
Me Porto Bonito,"Chencho Corleone, Bad Bunny",2,2022,5,6,8870,43,1440757818
Snooze,SZA,1,2022,12,9,2839,25,399686758
Too Many Nights (feat. Don Toliver & with Future),"Future, Metro Boomin, Don Toliver",3,2022,12,2,2110,58,286400165
Primera Cita,Carin Leon,1,2022,4,20,266,27,77309611
Tak Segampang Itu,Anggi Marito,1,2022,12,2,213,6,179659294
Nonsense,Sabrina Carpenter,1,2022,7,15,2346,27,342897938
Que Vuelvas,"Carin Leon, Grupo Frontera",2,2022,12,9,763,26,2762
Feliz Cumpleaï¿½ï¿½os Fe,Feid,1,2022,8,19,3430,38,601863821
Trance (with Travis Scott & Young Thug),"Travis Scott, Young Thug, Metro Boomin",3,2022,12,2,1682,46,276259178
Romantic Homicide,d4vd,1,2022,7,20,2335,23,681583126
Ojitos Lindos,"Bomba Estï¿½ï¿½reo, Bad B",2,2022,5,6,6135,38,1133865788
Jimmy Cooks (feat. 21 Savage),"Drake, 21 Savage",2,2022,6,17,5871,27,618885532
SNAP,Rosa Linn,1,2022,3,19,3202,18,726307468
Bebe Dame,"Fuerza Regida, Grupo Frontera",2,2022,12,16,849,22,367316268
Titi Me Preguntï¿,Bad Bunny,1,2022,5,6,9037,42,1264310836
Ditto,NewJeans,1,2022,12,19,1154,22,397582059
AMG,"Natanael Cano, Gabito Ballesteros, Peso Pluma",3,2022,11,24,995,19,463564958
Obsessed,"Abhijay Sharma, Riar Saab",2,2022,9,29,161,6,71007139
Escapism.,"RAYE, 070 Shake",2,2022,10,12,5129,25,532336353
La Jumpa,"Arcangel, Bad Bunny",2,2022,11,30,3794,34,538115192
Superhero (Heroes & Villains) [with Future & Chris Brown],"Future, Chris Brown, Metro Boomin",3,2022,12,2,2959,16,401036314
CHORRITO PA LAS ANIMAS,Feid,1,2022,12,2,2321,36,345031710
Ch y la Pizza,"Fuerza Regida, Natanael Cano",2,2022,12,1,536,10,288101651
Players,Coi Leray,1,2022,11,30,4096,6,335074782
Normal,Feid,1,2022,7,8,2461,36,459276435
Bad Habit,Steve Lacy,1,2022,6,29,8186,12,822633917
CUFF IT,Beyoncï¿,1,2022,7,29,7842,10,595900742
Lavender Haze,Taylor Swift,1,2022,10,21,3763,8,488386797
Efecto,Bad Bunny,1,2022,5,6,4004,33,1047480053
Just Wanna Rock,Lil Uzi Vert,1,2022,10,17,3995,13,457184829
Rich Flex,"Drake, 21 Savage",2,2022,11,4,4657,18,573633020
MERCHO,"Migrantes, LiL CaKe, Nico Valdi",3,2022,12,16,1267,20,231332117
Glimpse of Us,Joji,1,2022,6,10,6330,6,988515741
ceilings,Lizzy McAlpine,1,2022,4,8,3242,9,293186992
Slut Me Out,NLE Choppa,1,2022,4,22,816,4,190490915
PROVENZA,Karol G,1,2022,4,21,6587,34,885093467
Igualito a Mi Apï¿,"Fuerza Regida, Peso Pluma",2,2022,12,30,265,6,158950978
Komang,Raim Laode,1,2022,8,16,158,4,137123880
DESPECHï¿,ROSALï¿½,1,2022,7,28,7613,33,782369383
Made You Look,Meghan Trainor,1,2022,10,21,3956,6,502574952
No Se Va,Grupo Frontera,1,2022,4,28,924,18,404887295
Punto G,Quevedo,1,2022,11,4,1985,35,381161027
En Paris,"El Chachito, Junior H",2,2022,12,24,406,5,198275403
Shut Down,BLACKPINK,1,2022,9,16,1524,17,482175240
Gato de Noche,"Nengo Flow, Bad Bunny",2,2022,12,22,2651,30,304118600
10:35,"Tiï¿½ï¿½sto, Tate M",2,2022,11,1,4942,26,325592432
Late Night Talking,Harry Styles,1,2022,5,20,7461,8,743693613
Leï¿½,Marï¿½ï¿½lia Mendo,1,2022,12,9,993,4,267789608
Something in the Orange,Zach Bryan,1,2022,4,22,3282,12,449701773
Midnight Rain,Taylor Swift,1,2022,10,21,2612,4,433356509
You Proof,Morgan Wallen,1,2022,5,13,2128,9,367814306
LA INOCENTE,"Feid, Mora",2,2022,4,1,2598,37,477033549
Malas Decisiones,Kenia OS,1,2022,10,26,542,2,156214700
Murder In My Mind,Kordhell,1,2022,1,21,2459,20,448843705
CAIRO,"Karol G, Ovy On The Drums",2,2022,11,13,2418,26,294352144
Marisola - Remix,"Duki, NICKI NICOLE, Cris Mj, Standly, Stars Music Chile",5,2022,12,15,1845,16,223582566
LOKERA,"Brray, Rauw Alejandro, Lyanno",3,2022,7,25,3301,30,471819764
Low,SZA,1,2022,12,9,1911,0,272377463
One Thing At A Time,Morgan Wallen,1,2022,12,2,811,4,148469433
Miss You,"Robin Schulz, Oliver Tree",2,2022,8,5,5730,10,497225336
LET GO,Central Cee,1,2022,12,15,2301,20,298063749
"Apna Bana Le (From ""Bhediya"")","Arijit Singh, Sachin-Jigar",2,2022,11,5,86,0,139836056
SPIT IN MY FACE!,ThxSoMch,1,2022,10,31,629,14,303216294
PLAYA DEL INGLï¿½,"Myke Towers, Quevedo",2,2022,12,15,1701,15,221409663
Kahani Suno 2.0,Kaifi Khalil,1,2022,5,31,162,6,156777415
Nobody Gets Me,SZA,1,2022,12,9,2536,6,284908316
Hype Boy,NewJeans,1,2022,8,1,892,17,363472647
Monotonï¿½,"Ozuna, Shakira",2,2022,10,19,3645,15,380726517
Thought You Should Know,Morgan Wallen,1,2022,5,6,968,4,203221468
Zona De Perigo,Leo Santana,1,2022,12,8,531,4,134294498
Lovezinho,Treyce,1,2022,7,28,242,0,70069745
I Like You (A Happier Song) (with Doja Cat),"Post Malone, Doja Cat",2,2022,6,3,5281,14,609293408
Neverita,Bad Bunny,1,2022,5,6,2590,30,671365962
Vista Al Mar,Quevedo,1,2022,9,8,1769,34,362361576
Sem Alianï¿½ï¿½a no ,"MC Xenon, Os Gemeos da Putaria",2,2022,12,23,454,4,93587665
Bombonzinho - Ao Vivo,"Israel & Rodolffo, Ana Castela",2,2022,11,3,1254,6,263453310
Quï¿½ï¿½ Ago,"Yuridia, Angela Aguilar",2,2022,10,20,660,15,236857112
About Damn Time,Lizzo,1,2022,7,15,2332,2,723894473
Besos Moja2,"Wisin & Yandel, ROSALï¿½",2,2022,9,29,2460,13,309483971
Maan Meri Jaan,King,1,2022,10,12,288,6,319566866
Moscow Mule,Bad Bunny,1,2022,5,6,4572,33,909001996
ANTIFRAGILE,LE SSERAFIM,1,2022,10,17,761,12,301051721
Boy's a liar,PinkPantheress,1,2022,11,30,1225,0,156338624
Shirt,SZA,1,2022,10,28,3469,0,309653982
Lift Me Up - From Black Panther: Wakanda Forever - Music From and Inspired By,Rihanna,1,2022,10,28,3311,0,297328960
STAR WALKIN' (League of Legends Worlds Anthem),Lil Nas X,1,2022,9,22,2616,0,332506354
Calm Down,Rï¿½ï,1,2022,2,9,4013,10,445763624
Jhoome Jo Pathaan,"Arijit Singh, Vishal Dadlani, Sukriti Kakar, Vishal-Shekhar, Shekhar Ravjiani, Kumaar",6,2022,12,22,138,4,1365184
Escapism. - Sped Up,"RAYE, 070 Shake",2,2022,11,25,1368,0,184308753
Dreamers [Music from the FIFA World Cup Qatar 2022 Official Soundtrack],"BTS, Jung Kook, FIFA Sound",3,2022,11,20,889,20,323358833
Te Felicito,"Shakira, Rauw Alejandro",2,2022,4,21,4796,9,606361689
TV,Billie Eilish,1,2022,7,21,3009,2,338564981
"Besharam Rang (From ""Pathaan"")","Vishal-Shekhar, Shilpa Rao, Caralisa Monteiro, Kumaar, Vishal Dadlani, Shekhar Ravjiani",6,2022,12,12,130,4,140187018
Pink Venom,BLACKPINK,1,2022,8,19,1963,16,551305895
WAIT FOR U (feat. Drake & Tems),"Drake, Future, Tems",3,2022,4,27,5491,14,556585270
Eu Gosto Assim - Ao Vivo,"Gustavo Mioto, Mari Fernandez",2,2022,9,16,1473,4,222612678
PUNTO 40,"Baby Rasta, Rauw Alejandro",2,2022,9,22,3006,12,304079786
Evoque Prata,"DJ Escobar, MC MENOR SG, MC MENOR HR",3,2022,9,9,852,0,174006928
How Do I Say Goodbye,Dean Lewis,1,2022,8,5,2163,15,284785823
Blind,SZA,1,2022,12,9,1484,0,163284000
Die For You,Joji,1,2022,11,4,1703,0,246390068
Doja,Central Cee,1,2022,7,20,4169,44,482257456
Gatita,Bellakath,1,2022,10,3,1054,0,168684524
Rumble,"Skrillex, Flowdan, Fred again..",3,2022,1,17,2849,0,78489819
Niagara Falls (Foot or 2) [with Travis Scott & 21 Savage],"Travis Scott, 21 Savage, Metro Boomin",3,2022,12,2,1602,0,195516622
Super Freaky Girl,Nicki Minaj,1,2022,8,12,4827,0,428685680
Limbo,Freddie Dredd,1,2022,8,11,688,0,199386237
WORTH NOTHING,"Twisted, Oliver Tree",2,2022,9,28,1612,0,213438580
KICK BACK,Kenshi Yonezu,1,2022,10,12,574,4,210038833
Evergreen (You Didnï¿½ï¿½ï¿½t Deserve Me A,Omar Apollo,1,2022,4,8,2499,0,227918678
Shut up My Moms Calling - (Sped Up),Hotel Ugly,1,2022,9,14,713,7,181831132
Ferrari,"James Hype, Miggy Dela Rosa",2,2022,3,14,7758,28,462791599
"You're On Your Own, Kid",Taylor Swift,1,2022,10,21,2537,2,348647203
"Kesariya (From ""Brahmastra"")","Pritam, Arijit Singh, Amitabh Bhattacharya",3,2022,7,17,292,6,366599607
Seek & Destroy,SZA,1,2022,12,9,1007,0,98709329
Love Language,SZA,1,2022,12,9,1127,0,110849052
Used (feat. Don Toliver),"SZA, Don Toliver",2,2022,12,8,1042,0,94005786
Ghost in the Machine (feat. Phoebe Bridgers),"SZA, Phoebe Bridgers",2,2022,12,9,1634,0,110073250
Special,SZA,1,2022,12,9,906,0,88092256
SOS,SZA,1,2022,12,9,827,0,73981293
Open Arms (feat. Travis Scott),"SZA, Travis Scott",2,2022,12,8,1420,4,155653938
Gone Girl,SZA,1,2022,12,9,892,0,65362788
F2F,SZA,1,2022,12,9,989,0,67540165
Notice Me,SZA,1,2022,12,9,819,0,62019074
Antidepresan,"Mabel Matiz, Mert Demir",2,2022,11,4,313,2,136689549
Wild Flower (with youjeen),RM,1,2022,12,2,353,2,135611421
Raindrops (Insane) [with Travis Scott],"Travis Scott, Metro Boomin",2,2022,12,2,880,0,110649992
SPIT IN MY FACE!,ThxSoMch,1,2022,10,31,573,0,301869854
Smoking on my Ex Pack,SZA,1,2022,12,9,811,0,57144458
Conceited,SZA,1,2022,12,9,899,0,56870689
Snow On The Beach (feat. Lana Del Rey),"Taylor Swift, Lana Del Rey",2,2022,10,21,2415,0,323437194
Maroon,Taylor Swift,1,2022,10,21,2304,0,317726339
Tubarï¿½ï¿½o Te,"Dj LK da Escï¿½ï¿½cia, Tchakabum, mc jhenny, M",4,2022,9,28,1003,0,116144341
Bejeweled,Taylor Swift,1,2022,10,21,2699,0,328207708
Tarot,"Bad Bunny, Jhay Cortez",2,2022,5,6,2482,20,608228647
Too Late,SZA,1,2022,12,8,714,0,49262961
Party,"Bad Bunny, Rauw Alejandro",2,2022,5,6,3185,4,614555082
Far,SZA,1,2022,12,9,680,0,51641685
On Time (with John Legend),"John Legend, Metro Boomin",2,2022,12,2,398,0,78139948
GATï¿½ï¿½,"Maldy, Karol G",2,2022,8,25,3328,13,322336177
Sacrifice,The Weeknd,1,2022,1,7,4440,0,326792833
Is There Someone Else?,The Weeknd,1,2022,1,7,2881,6,391251368
Fingers Crossed,"Lauren Spencer Smith, Lauren Spencer Smith, Lauren Spencer Smith",3,2022,1,5,2235,0,349585590
Out of Time,The Weeknd,1,2022,1,7,3711,0,339659802
How Do I Make You Love Me?,The Weeknd,1,2022,1,7,1915,0,119238316
Gasoline,The Weeknd,1,2022,1,7,2297,0,116903579
Less Than Zero,The Weeknd,1,2022,1,7,2800,0,200660871
"Here We Goï¿½ï¿½ï¿½ Again (feat. Tyler, the Cr","The Weeknd, Tyler, The Creator",3,2022,1,7,1420,0,88103848
Best Friends,The Weeknd,1,2022,1,7,1292,0,101114984
I Heard You're Married (feat. Lil Wayne),"The Weeknd, Lil Wayne",2,2022,1,7,1178,0,91656026
Dawn FM,The Weeknd,1,2022,1,7,811,0,53933526
Starry Eyes,The Weeknd,1,2022,1,7,1014,0,74601456
Donï¿½ï¿½ï¿½t Break My,The Weeknd,1,2022,1,7,1184,0,63803529
Entre Nosotros (Remix) [con Nicki Nicole],"Lit Killah, Maria Becerra, Tiago pzk, NICKI NICOLE",4,2022,1,5,759,3,236940480
A Tale By Quincy,The Weeknd,1,2022,1,7,733,0,41924466
Every Angel is Terrifying,The Weeknd,1,2022,1,7,715,0,37307967
Lï¿½ï¿½ï¿,Stromae,1,2022,1,9,2035,0,108809090
pushin P (feat. Young Thug),"Young Thug, Future, Gunna",3,2022,1,7,3517,0,311395144
Phantom Regret by Jim,The Weeknd,1,2022,1,7,768,0,31959571
thought i was playing,"21 Savage, Gunna",2,2022,1,7,807,0,60680939
Miserable Man,David Kushner,1,2022,1,7,788,0,124407432
The Rumbling (TV Size),SiM,1,2022,1,10,254,0,71014967
Blessed-Cursed,ENHYPEN,1,2022,1,10,246,0,77337771
Polaroid Love,ENHYPEN,1,2022,1,10,461,0,211372494
25k jacket (feat. Lil Baby),"Gunna, Lil Baby",2,2022,1,7,620,0,54937991
MAMIII,"Karol G, Becky G",2,2022,2,10,6809,28,716591492
Stay Alive (Prod. SUGA of BTS),Jung Kook,1,2022,2,11,590,5,246376690
Boyfriend,Dove Cameron,1,2022,2,11,3766,0,496311364
The Joker And The Queen (feat. Taylor Swift),"Ed Sheeran, Taylor Swift",2,2022,2,11,1430,0,146789379
Light Switch,Charlie Puth,1,2022,1,19,4049,0,500340342
City of Gods,"Kanye West, Alicia Keys, Fivio Foreign",3,2022,2,11,2096,0,107255472
Brividi,"Mahmood, Blanco",2,2022,2,2,1175,0,135079152
she's all i wanna be,Tate McRae,1,2022,2,4,2711,0,343197054
"Cayï¿½ï¿½ La Noche (feat. Cruz Cafunï¿½ï¿½, Abhir Hathi, Bejo, EL IMA)","Quevedo, La Pantera, Juseph, Cruz Cafunï¿½ï¿½, Bï¿½ï¿½jo, Abhir Hathi",7,2022,1,14,1034,1,245400167
Numb Little Bug,Em Beihold,1,2022,1,28,2026,0,258714692
212,"Mainstreet, Chefin",2,2022,1,15,352,0,143139338
Bussin,"Nicki Minaj, Lil Baby",2,2022,2,11,847,0,64714573
Worst Day,Future,1,2022,2,11,910,0,50746620
Malvada,Zï¿½ï¿½ Fe,1,2022,1,28,601,0,154119539
Mal Feito - Ao Vivo,"Marï¿½ï¿½lia Mendonï¿½ï¿½a, Hugo & G",2,2022,1,14,971,2,291709698
Do We Have A Problem?,"Nicki Minaj, Lil Baby",2,2022,2,4,1064,0,81350745
Gospel (with Eminem),"Eminem, Dr. Dre",2,2022,2,4,1040,0,64787943
Sweetest Pie,"Dua Lipa, Megan Thee Stallion",2,2022,3,11,3501,0,299634472
Bam Bam (feat. Ed Sheeran),"Camila Cabello, Ed Sheeran",2,2022,3,4,6111,4,756907987
Una Noche en Medellï¿½,Cris Mj,1,2022,1,21,5415,32,682475162
Starlight,Dave,1,2022,3,3,1856,3,229473310
Hati-Hati di Jalan,Tulus,1,2022,3,3,200,2,202677468
"I'm Tired - From ""Euphoria"" An Original HBO Series",Labrinth,1,2022,2,4,1888,0,121913181
DANï¿½ï¿½A,"Mc Pedrinho, Pedro Sampaio",2,2022,2,1,911,2,208166039
"Residente: Bzrp Music Sessions, Vol. 49","Residente, Bizarrap",2,2022,3,3,461,0,94616487
Nail Tech,Jack Harlow,1,2022,2,18,2939,0,193443895
Chale,Eden Muï¿½ï,1,2022,2,18,695,11,299648208
DARARI,Treasure,1,2022,2,15,328,0,182978249
Ya No Somos Ni Seremos,Christian Nodal,1,2022,2,18,866,16,319757142
Freaky Deaky,"Tyga, Doja Cat",2,2022,2,25,1729,0,153240879
O.O,NMIXX,1,2022,2,22,290,0,135444283
First Class,Jack Harlow,1,2022,4,8,8737,0,694525298
Plan A,Paulo Londra,1,2022,3,23,1105,0,240661097
Fuera del mercado,Danny Ocean,1,2022,2,17,2499,21,421365166
X ï¿½ï¿½LTIMA,"Daddy Yankee, Bad Bunny",2,2022,3,25,2697,1,349746291
When You're Gone,Shawn Mendes,1,2022,3,31,2092,0,255120451
In My Head,Lil Tjay,1,2022,4,1,1185,0,190981339
LOVE DIVE,IVE,1,2022,4,5,753,8,305771063
Pantysito,"Feid, Alejo, Robi",3,2022,3,18,2995,0,273005485
Chance,Paulo Londra,1,2022,4,6,225,0,89566512
psychofreak (feat. WILLOW),"Camila Cabello, Willow",2,2022,4,7,918,0,75476209
Vampiro,"Matuï¿½ï¿½, Wiu, ",3,2022,1,30,540,4,187772591
Si Quieren Frontear,"De La Ghetto, Duki, Quevedo",3,2022,3,31,859,0,178512385
Right On,Lil Baby,1,2022,4,8,1116,0,101780047
Me Arrepentï¿,"Ak4:20, Cris Mj, Pailita",3,2022,3,30,273,2,118381354
That's Hilarious,Charlie Puth,1,2022,4,8,686,2,146363130
Soy El Unico,Yahritza Y Su Esencia,1,2022,3,25,226,0,126443991
RUMBATï¿½,Daddy Yankee,1,2022,3,25,1264,0,157990698
sentaDONA (Remix) s2,"Luï¿½ï¿½sa Sonza, MC Frog, Dj Gabriel do Borel, Davi K",4,2022,3,17,870,0,176290831
Fim de Semana no Rio,teto,1,2022,3,30,315,2,139193812
MANIAC,Stray Kids,1,2022,3,18,651,0,212234990
IDGAF (with blackbear),"Blackbear, BoyWithUke",2,2022,3,18,625,0,197643795
"Nobody Like U - From ""Turning Red""","Jordan Fisher, Josh Levi, Finneas O'Connell, 4*TOWN (From Disney and Pixarï¿½ï¿½ï¿½s Turning Red), Topher Ngo, Grayson Vill",6,2022,2,25,918,0,120847157
Still Life,BIGBANG,1,2022,4,5,181,0,53909146
N95,Kendrick Lamar,1,2022,5,13,5542,0,301242089
About Damn Time,Lizzo,1,2022,4,14,9021,0,723894473
Die Hard,"Kendrick Lamar, Blxst, Amanda Reifer",3,2022,5,13,4627,0,237351106
Despuï¿½ï¿½s de la P,Bad Bunny,1,2022,5,6,2229,0,461558540
Un Ratito,Bad Bunny,1,2022,5,6,1112,6,417230415
United In Grief,Kendrick Lamar,1,2022,5,13,2575,0,156898322
Father Time (feat. Sampha),"Kendrick Lamar, Sampha",2,2022,5,13,3107,0,127309180
Yo No Soy Celoso,Bad Bunny,1,2022,5,6,1179,0,313113297
Rich Spirit,Kendrick Lamar,1,2022,5,13,3486,0,173702135
Cooped Up (with Roddy Ricch),"Post Malone, Roddy Ricch",2,2022,5,12,2942,0,271666301
Me Fui de Vacaciones,Bad Bunny,1,2022,5,6,1443,0,305650299
Silent Hill,"Kendrick Lamar, Kodak Black",2,2022,5,13,3028,0,123216717
La Corriente,"Tony Dize, Bad Bunny",2,2022,5,6,1796,8,479655659
Count Me Out,Kendrick Lamar,1,2022,5,13,2729,0,126191104
Andrea,"Buscabulla, Bad Bunny",2,2022,5,6,1195,0,344055883
Dos Mil 16,Bad Bunny,1,2022,5,6,892,3,338422004
We Cry Together,"Kendrick Lamar, Taylour Paige",2,2022,5,13,1635,0,68895644
Savior,"Kendrick Lamar, Sam Dew, Baby Keem",3,2022,5,13,2291,0,86176890
Un Coco,Bad Bunny,1,2022,5,6,1029,28,403231558
Otro Atardecer,"Bad Bunny, The Marï¿½ï",2,2022,5,6,1681,7,319546754
Worldwide Steppers,Kendrick Lamar,1,2022,5,13,1480,0,61739839
Aguacero,Bad Bunny,1,2022,5,6,829,0,283359161
Purple Hearts,"Kendrick Lamar, Ghostface Killah, Summer Walker",3,2022,5,13,2308,0,76831876
Un Verano Sin Ti,Bad Bunny,1,2022,5,6,1004,1,283332261
ULTRA SOLO,"Polima WestCoast, Pailita",2,2022,2,14,1367,0,307752576
Ensï¿½ï¿½ï¿½ï¿½ame ,Bad Bunny,1,2022,5,6,1112,3,279737940
El Apagï¿½,Bad Bunny,1,2022,5,6,1209,0,212351890
Dua Lipa,Jack Harlow,1,2022,5,6,1992,0,150500965
Agosto,Bad Bunny,1,2022,5,6,897,0,246127838
Mr. Morale,"Kendrick Lamar, Tanna Leone",2,2022,5,13,1860,0,58687425
That That (prod. & feat. SUGA of BTS),"PSY, Suga",2,2022,4,29,802,0,212109195
In The Stars,Benson Boone,1,2022,4,29,2224,8,382199619
Rich - Interlude,Kendrick Lamar,1,2022,5,13,1103,0,41210087
SUPERMODEL,Mï¿½ï¿½ne,1,2022,5,13,2265,0,231657891
Stefania (Kalush Orchestra),KALUSH,1,2022,3,10,555,0,53729194
Thousand Miles,The Kid Laroi,1,2022,4,22,2050,0,244741137
Crown,Kendrick Lamar,1,2022,5,13,1493,0,42485571
Auntie Diaries,Kendrick Lamar,1,2022,5,13,1545,0,37778188
PUFFIN ON ZOOTIEZ,Future,1,2022,4,29,2350,0,254218729
Mirror,Kendrick Lamar,1,2022,5,13,1929,0,53603447
Beautiful Girl,Luciano,1,2022,4,22,710,4,160035717
"Paulo Londra: Bzrp Music Sessions, Vol. 23","Bizarrap, Paulo Londra",2,2022,4,25,928,0,164163229
Savior - Interlude,Kendrick Lamar,1,2022,5,13,1194,0,37091576
Pasoori,"Shae Gill, Ali Sethi",2,2022,2,6,349,6,284249832
Mother I Sober (feat. Beth Gibbons of Portishead),"Kendrick Lamar, Beth Gibbons",2,2022,5,13,1890,0,33381454
TUS Lï¿½ï¿½GR,"Sech, Mora",2,2022,4,1,1308,2,184622518
Where Did You Go?,"MNEK, Jax Jones",2,2022,1,26,4531,0,300983101
I Tried to Tell Y'all,"Ugly Dray, Tesla Jnr",2,2022,5,6,1657,0,121077868
Honest (feat. Don Toliver),"Justin Bieber, Don Toliver",2,2022,4,29,1351,0,106919680
ZOOM,Jessi,1,2022,4,13,608,0,136996305
FEARLESS,LE SSERAFIM,1,2022,5,2,629,0,229497852
10 Things I Hate About You,Leah Kate,1,2022,3,23,1301,0,185550869
SPACE MAN,Sam Ryder,1,2022,2,22,1329,0,54682594
With you,"HA SUNG WOON, Jimin",2,2022,4,24,343,2,240580042
The Heart Part 5,Kendrick Lamar,1,2022,5,8,2939,0,71423324
This Love (Taylorï¿½ï¿½ï¿½s Ve,Taylor Swift,1,2022,5,6,1492,0,132171975
Yet To Come,BTS,1,2022,6,10,829,0,302006641
Run BTS,BTS,1,2022,6,10,736,0,330881149
Music For a Sushi Restaurant,Harry Styles,1,2022,5,20,4449,1,334733572
Matilda,Harry Styles,1,2022,5,20,3218,3,366214458
For Youth,BTS,1,2022,6,10,327,0,114546317
Daylight,Harry Styles,1,2022,5,20,2775,0,290833204
Vegas (From the Original Motion Picture Soundtrack ELVIS),Doja Cat,1,2022,5,6,4576,0,448500832
Cash In Cash Out,"Pharrell Williams, Tyler, The Creator, 21 Savage",4,2022,6,10,2313,0,136676504
Potion (with Dua Lipa & Young Thug),"Calvin Harris, Dua Lipa, Young Thug",3,2022,5,27,3983,0,190625045
Born Singer,BTS,1,2022,6,10,279,0,79095270
Little Freak,Harry Styles,1,2022,5,20,2302,0,273194684
La Llevo Al Cielo (Ft. ï¿½ï¿½engo F,"Nengo Flow, Anuel Aa, Chris Jedi, Chencho Corleone",4,2022,5,20,3559,3,333146475
True Love,"Kanye West, XXXTENTACION",2,2022,5,27,2129,0,194902696
Satellite,Harry Styles,1,2022,5,20,3291,5,311482393
"Villano Antillano: Bzrp Music Sessions, Vol. 51","Bizarrap, Villano Antillano",2,2022,6,8,1401,0,248511839
Love Of My Life,Harry Styles,1,2022,5,20,1933,0,233671263
Grapejuice,Harry Styles,1,2022,5,20,1986,0,199587884
So Good,Halsey,1,2022,6,9,1057,0,91781263
Belly Dancer,"BYOR, Imanbek",2,2022,2,18,5115,13,383835984
Keep Driving,Harry Styles,1,2022,5,20,2094,1,236060709
Cinema,Harry Styles,1,2022,5,20,2171,0,189236868
Die Young (feat. 347aidan),"Sleepy hallow, 347aidan",2,2022,5,25,896,0,160845341
Hold My Hand,Lady Gaga,1,2022,5,3,2528,0,238350348
Daydreaming,Harry Styles,1,2022,5,20,1900,1,187703102
Numb,"Marshmello, Khalid",2,2022,6,10,3879,2,295307001
Nos Comemos (feat. Ozuna),"Ozuna, Tiago pzk",2,2022,6,2,896,0,138334433
Crazy What Love Can Do,"David Guetta, Ella Henderson, Becky Hill",3,2022,3,18,5290,0,286739476
Antes de Perderte,Duki,1,2022,6,2,584,8,157136970
Boyfriends,Harry Styles,1,2022,5,20,1517,0,137070925
Tak Ingin Usai,Keisya Levronka,1,2022,5,13,220,4,184807630
En El Radio Un Cochinero,Victor Cibrian,1,2022,5,13,514,0,164856284
BREAK MY SOUL,Beyoncï¿,1,2022,6,21,9724,0,354614964
ULTRA SOLO REMIX,"De La Ghetto, Feid, Polima WestCoast, Paloma Mami, Pailita",5,2022,6,16,2341,0,279717388
Massive,Drake,1,2022,6,17,5263,0,195628667
Betty (Get Money),Yung Gravy,1,2022,6,10,2402,0,221752937
Ojos Marrones,Lasso,1,2022,2,6,795,11,263280370
POP!,Nayeon,1,2022,6,24,571,0,213505179
Layla,"Schï¿½ï¿½rze, DJ R",2,2022,3,24,832,3,130419412
MORE,j-hope,1,2022,7,1,565,0,155795783
Last Last,Burna Boy,1,2022,5,12,4526,12,293466523
SNAP,Rosa Linn,1,2022,3,19,1818,0,711366595
Sticky,Drake,1,2022,6,17,2814,0,191448892
Hot Shit (feat. Ye & Lil Durk),"Kanye West, Lil Durk, Cardi B",3,2022,7,1,1601,0,85924992
Ai Preto,"L7nnon, DJ Biel do Furduncinho, Bianca",3,2022,6,3,894,4,176103902
La Loto,"Anitta, Tini, Becky G",3,2022,7,6,945,0,121189256
die first,Nessa Barrett,1,2022,6,24,767,0,131746175
Afraid To Feel,LF System,1,2022,5,2,5898,5,244790012
Baile no Morro,"Mc Vitin Da Igrejinha, MC Tairon, DJ Win",3,2022,6,10,685,2,129314708
cï¿½ï¿½mo dormi,Rels B,1,2022,8,4,1452,35,331511413
Bad Decisions (with BTS & Snoop Dogg),"Snoop Dogg, BTS, Benny Blanco",3,2022,8,5,1456,0,219196651
STAYING ALIVE (feat. Drake & Lil Baby),"Drake, DJ Khaled, Lil Baby",3,2022,8,5,2107,0,170732845
Si Te La Encuentras Por Ahï¿,Feid,1,2022,8,5,1379,4,179061440
GIVENCHY,Duki,1,2022,7,20,625,4,185236961
ALIEN SUPERSTAR,Beyoncï¿,1,2022,7,29,2688,0,171788484
Attention,NewJeans,1,2022,8,1,799,12,264717480
THE SHADE,Rex Orange County,1,2022,3,11,1189,6,244928911
"Come Back Home - From ""Purple Hearts""",Sofia Carson,1,2022,7,12,367,0,97610446
El Rescate,"Grupo Marca Registrada, Junior H",2,2022,7,22,527,4,287278853
"Stay With Me (with Justin Timberlake, Halsey, & Pharrell)","Calvin Harris, Halsey, Pharrell Williams, Justin Timberlake",4,2022,7,15,3113,0,123473120
Siempre Pendientes,"Peso Pluma, Luis R Conriquez",2,2022,8,15,685,5,295152154
JGL,"Luis R Conriquez, La Adictiva",2,2022,2,18,782,9,323455692
Don't You Worry,"David Guetta, Shakira, Black Eyed Peas",3,2022,6,16,2442,0,240918092
Pipoco,"Melody, Ana Castela, Dj Chris No Beat",3,2022,5,20,1112,4,191873381
Forget Me,Lewis Capaldi,1,2022,9,9,2520,4,239411309
After LIKE,IVE,1,2022,8,22,767,12,265548837
B.O.T.A. (Baddest Of Them All) - Edit,"Interplanetary Criminal, Eliza Rose",2,2022,6,15,5153,6,244585109
Talk that Talk,TWICE,1,2022,8,26,615,0,189476119
BILLIE EILISH.,Armani White,1,2022,1,20,2537,0,277132266
Ferxxo 100,Feid,1,2022,6,3,1647,30,278920007
KU LO SA - A COLORS SHOW,Oxlade,1,2022,6,10,2019,8,222410722
Prohibidox,Feid,1,2022,9,13,1473,12,185392587
Static,Steve Lacy,1,2022,7,15,1613,0,202452860
Talk,YEAT,1,2022,9,2,920,0,148461629
XQ Te Pones Asï¿,"Yandel, Feid",2,2022,9,13,308,0,47093942
Sin Seï¿½ï,"Ovy On The Drums, Quevedo",2,2022,7,22,1097,2,209106362
Lady Mi Amor,Feid,1,2022,9,13,330,0,53987404
Poland,Lil Yachty,1,2022,6,23,1584,0,115331792
THE LONELIEST,Mï¿½ï¿½ne,1,2022,10,7,1585,5,225093344
Bye Bye,"Marshmello, Juice WRLD",2,2022,10,14,766,0,84697729
BABY OTAKU,"Fran C, Polima WestCoast, Nickoog Clk, Pablito Pesadilla",4,2022,8,18,836,0,159240673
Nxde,(G)I-DLE,1,2022,10,17,430,6,170709584
2 Be Loved (Am I Ready),Lizzo,1,2022,7,14,3682,6,247689123
Celestial,Ed Sheeran,1,2022,9,29,1639,0,176474912
Typa Girl,BLACKPINK,1,2022,9,16,452,10,235549288
California Breeze,Lil Baby,1,2022,10,14,991,0,85559365
Bamba (feat. Aitch & BIA),"Luciano, Aitch, Bï¿½",3,2022,9,22,869,7,146223492
Casei Com a Putaria,"MC Ryan SP, Love Funk, Mc Paiva ZS",3,2022,7,1,648,4,187701588
Major Distribution,"Drake, 21 Savage",2,2022,11,4,1545,0,154863153
Pussy & Millions (feat. Travis Scott),"Drake, Travis Scott, 21 Savage",3,2022,11,4,1930,0,191333656
Vigilante Shit,Taylor Swift,1,2022,10,21,1948,0,253650850
Question...?,Taylor Swift,1,2022,10,21,1608,0,223064273
On BS,"Drake, 21 Savage",2,2022,11,4,1338,0,170413877
Mastermind,Taylor Swift,1,2022,10,21,1936,0,218320587
Circo Loco,"Drake, 21 Savage",2,2022,11,4,1794,0,141720999
Labyrinth,Taylor Swift,1,2022,10,21,1597,0,187339835
Spin Bout U,"Drake, 21 Savage",2,2022,11,4,1652,2,198365537
Sweet Nothing,Taylor Swift,1,2022,10,21,1747,0,186104310
"Would've, Could've, Should've",Taylor Swift,1,2022,10,21,1715,0,177503916
Con La Brisa,"Ludwig Goransson, Foudeqush",2,2022,11,4,486,0,71095708
Privileged Rappers,"Drake, 21 Savage",2,2022,11,4,1007,0,112436403
The Astronaut,Jin,1,2022,10,28,481,9,203436468
BackOutsideBoyz,Drake,1,2022,11,4,1045,0,93367537
Broke Boys,"Drake, 21 Savage",2,2022,11,4,1060,0,106249219
The Great War,Taylor Swift,1,2022,10,21,1274,0,181382590
My Mind & Me,Selena Gomez,1,2022,11,3,953,0,91473363
Bigger Than The Whole Sky,Taylor Swift,1,2022,10,21,1180,0,121871870
A Veces (feat. Feid),"Feid, Paulo Londra",2,2022,11,3,573,0,73513683
En La De Ella,"Feid, Sech, Jhayco",3,2022,10,20,1320,0,133895612
Alone,Burna Boy,1,2022,11,4,782,2,96007391
STAY (with Justin Bieber),"Justin Bieber, The Kid Laroi",2,2021,7,9,17050,36,2665343922
Bones,Imagine Dragons,1,2021,3,11,4198,44,838079900
Por las Noches,Peso Pluma,1,2021,6,11,457,24,330346424
Ghost,Justin Bieber,1,2021,3,19,5866,24,1167330737
You Belong With Me (Taylorï¿½ï¿½ï¿½s Ve,Taylor Swift,1,2021,4,9,2619,12,350381515
Until I Found You,Stephen Sanchez,1,2021,9,1,4427,4,726434358
Easy On Me,Adele,1,2021,10,14,10195,20,1406111294
The Color Violet,Tory Lanez,1,2021,12,10,2585,32,415932686
Shivers,Ed Sheeran,1,2021,9,9,10147,30,1302184087
METAMORPHOSIS,INTERWORLD,1,2021,11,25,1561,24,357580552
Sunroof,"Nicky Youre, Dazy",2,2021,12,3,3741,17,652704649
La Bebe,Yng Lvcas,1,2021,12,24,489,17,191945597
Enemy (with JID) - from the series Arcane League of Legends,"Imagine Dragons, League of Legends, JID, Arcane",4,2021,9,3,6180,7,1223481149
My Universe,"Coldplay, BTS",2,2021,9,24,6127,13,1061966512
INDUSTRY BABY (feat. Jack Harlow),"Jack Harlow, Lil Nas X",2,2021,7,23,13315,0,1814349763
Yonaguni,Bad Bunny,1,2021,6,4,9644,28,1260594497
Where Are You Now,"Lost Frequencies, Calum Scott",2,2021,7,30,10565,44,972509632
Woman,Doja Cat,1,2021,6,25,9424,0,1329090101
I Hate U,SZA,1,2021,12,3,4094,0,356709897
Desesperados,"Chencho Corleone, Rauw Alejandro",2,2021,6,25,6821,34,809306935
ýýýabcdefu,Gayle,1,2021,8,13,7215,0,1007612429
Do It To It,"Cherish, ACRAZE",2,2021,8,20,12403,0,674772936
We Don't Talk About Bruno,"Adassa, Mauro Castillo, Stephanie Beatriz, Encanto - Cast, Rhenzy Feliz, Diane Guerrero, Carolina Gaitan",7,2021,11,19,2785,0,432719968
Pepas,Farruko,1,2021,6,24,14114,17,1309887447
Take My Breath,The Weeknd,1,2021,8,6,2597,0,130655803
good 4 u,Olivia Rodrigo,1,2021,5,14,15563,6,1887039593
Kiss Me More (feat. SZA),"SZA, Doja Cat",2,2021,4,9,15867,0,1575467011
Need To Know,Doja Cat,1,2021,6,11,6672,0,1042568408
Surface Pressure,Jessica Darrow,1,2021,11,19,1756,0,267758538
THATS WHAT I WANT,Lil Nas X,1,2021,9,17,7963,0,920797189
One Right Now (with The Weeknd),"The Weeknd, Post Malone",2,2021,11,5,4771,0,539595276
Lo Siento BB:/ (with Bad Bunny & Julieta Venegas),"Julieta Venegas, Bad Bunny, Tainy",3,2021,10,5,3423,26,775542072
MONEY,Lisa,1,2021,9,10,2566,13,863625566
The Motto,"Tiï¿½ï¿½sto, Ava",2,2021,11,4,9151,6,656013912
Happier Than Ever,Billie Eilish,1,2021,7,30,8476,0,1056760045
Moth To A Flame (with The Weeknd),"The Weeknd, Swedish House Mafia",2,2021,10,22,7495,17,611994237
traitor,"Juan Cruz Toledo, Huilen Toledo",2,2021,5,21,5257,6,1230855859
Toxic,BoyWithUke,1,2021,9,10,1795,0,582981380
drivers license,Olivia Rodrigo,1,2021,1,8,12685,3,1858144199
Malvadï¿½ï¿,"Xamï¿½ï¿½, Gustah, Neo B",3,2021,11,30,648,1,240684449
All Too Well (10 Minute Version) (Taylor's Version) (From The Vault),Taylor Swift,1,2021,11,12,4635,5,583687007
Oh My God,Adele,1,2021,11,19,4431,0,466214729
I AM WOMAN,Emmy Meli,1,2021,11,18,2795,0,225259194
Medallo,"Justin Quiles, Lenny Tavï¿½ï¿½rez, BL",3,2021,10,27,2780,2,393230256
It'll Be Okay,Shawn Mendes,1,2021,12,1,1950,0,287201015
Super Gremlin,Kodak Black,1,2021,10,30,2551,0,342779426
Volvï¿,"Aventura, Bad Bunny",2,2021,8,3,5375,10,673801126
Smokin Out The Window,"Bruno Mars, Anderson .Paak, Silk Sonic",3,2021,11,5,4963,0,383550148
Tacones Rojos,Sebastian Yatra,1,2021,10,22,3047,9,510876816
Peaches (feat. Daniel Caesar & Giveon),"Justin Bieber, Daniel Caesar, Giveon",3,2021,3,19,14140,0,1445941661
"Tiago PZK: Bzrp Music Sessions, Vol. 48","Bizarrap, Tiago pzk",2,2021,12,29,1678,12,374191487
Nostï¿½ï¿½l,"Chris Brown, Rvssian, Rauw Alejandro",3,2021,9,8,2780,2,436695353
Better Days (NEIKED x Mae Muller x Polo G),"NEIKED, Mae Muller, Polo G",3,2021,9,24,4091,0,421040617
Sad Girlz Luv Money Remix (feat. Kali Uchis),"Kali Uchis, Amaarae, Moliy",3,2021,9,16,3643,0,354065229
Butter,BTS,1,2021,5,21,4779,6,1143647827
You Right,"Doja Cat, The Weeknd",2,2021,6,24,5073,0,672656250
deja vu,Olivia Rodrigo,1,2021,4,1,7545,4,1256880657
TO THE MOON,Jnr Choi,1,2021,11,5,2979,0,245095641
Salimo de Noche,"Trueno, Tiago pzk",2,2021,10,21,1057,0,261414174
Volando - Remix,"Sech, Bad Bunny, Mora",3,2021,7,8,3272,19,610045621
Leave The Door Open,"Bruno Mars, Anderson .Paak, Silk Sonic",3,2021,3,5,14417,0,1115880852
Knife Talk (with 21 Savage ft. Project Pat),"Drake, Project Pat, 21 Savage",3,2021,9,3,5199,0,594482982
Don't Be Shy,"Tiï¿½ï¿½sto, Kar",2,2021,8,1,6026,0,566954746
LA FAMA (with The Weeknd),"The Weeknd, ROSALï¿½",2,2021,11,11,4640,3,374706940
The Family Madrigal,"Olga Merediz, Stephanie Beatriz, Encanto - Cast",3,2021,11,19,1150,0,184937148
Dos Oruguitas,Sebastian Yatra,1,2021,11,19,925,0,167076418
Acapulco,Jason Derulo,1,2021,9,1,3098,0,363467642
ELEVEN,IVE,1,2021,12,1,521,1,247737946
What Else Can I Do?,"Stephanie Beatriz, Diane Guerrero",2,2021,11,19,802,0,154797871
DANCE CRIP,Trueno,1,2021,11,17,731,0,198883004
happier,Olivia Rodrigo,1,2021,5,21,3069,4,850608354
Praise God,Kanye West,1,2021,8,29,4651,0,376333030
Get Into It (Yuh),Doja Cat,1,2021,6,25,4999,0,516784627
Sobrio,Maluma,1,2021,7,8,3506,10,513643924
Peru,"Ed Sheeran, Fireboy DML",2,2021,12,23,2999,0,261286503
favorite crime,Olivia Rodrigo,1,2021,5,21,3681,0,783706581
Thunder,"Prezioso, Gabry Ponte, LUM!X",3,2021,5,7,4846,10,422691058
I WANNA BE YOUR SLAVE,Mï¿½ï¿½ne,1,2021,3,19,4873,0,851070493
Vai Lï¿½ï¿½ Em Casa ,"Marï¿½ï¿½lia Mendonï¿½ï¿½a, George Henrique &",2,2021,10,22,772,0,263894529
The Feels,TWICE,1,2021,10,1,1150,0,345903614
OUT OUT (feat. Charli XCX & Saweetie),"Charli XCX, Jax Jones, Joel Corry, Saweetie",4,2021,8,13,6890,0,427486004
2055,Sleepy hallow,1,2021,4,14,2226,0,624515457
Happier Than Ever - Edit,Billie Eilish,1,2021,7,28,1959,0,412795151
Ley Seca,"Anuel Aa, Jhay Cortez",2,2021,9,2,2012,0,355219175
Every Summertime,NIKI,1,2021,8,10,1211,2,290228626
Take My Breath,The Weeknd,1,2021,8,6,6392,0,432702334
Way 2 Sexy (with Future & Young Thug),"Drake, Future, Young Thug",3,2021,9,3,5481,0,489945871
Cï¿½ï¿½,Rauw Alejandro,1,2021,6,25,2636,3,465959382
Enemy - from the series Arcane League of Legends,"Imagine Dragons, League of Legends, Arcane",3,2021,10,27,824,0,1223481149
Quï¿½ï¿½ Mï¿½ï¿,"J Balvin, Maria Becerra",2,2021,1,28,8087,0,720825549
Fair Trade (with Travis Scott),"Drake, Travis Scott",2,2021,9,3,5403,6,593917618
Bar,"Tini, L-Gante",2,2021,11,11,755,4,200972675
family ties (with Kendrick Lamar),"Kendrick Lamar, Baby Keem",2,2021,8,27,6308,5,560222750
AM Remix,"J Balvin, Nio Garcia, Bad Bunny",3,2021,6,24,6556,0,528544703
Leave Before You Love Me (with Jonas Brothers),"Marshmello, Jonas Brothers",2,2021,4,28,4893,4,651732901
Permission to Dance,BTS,1,2021,7,9,1801,2,608334048
Friday (feat. Mufasa & Hypeman) - Dopamine Re-Edit,"Riton, Nightcrawlers, Mufasa & Hypeman, Dopamine",4,2021,1,15,12043,0,863756573
RAPSTAR,Polo G,1,2021,4,9,4731,0,797402345
Se Le Ve,"Arcangel, De La Ghetto, Justin Quiles, Lenny Tavï¿½ï¿½rez, Sech, Dalex, Dimelo Flow, Rich Music",8,2021,8,12,1560,0,223319934
When Iï¿½ï¿½ï¿½m Gone (with Katy ,"Katy Perry, Alesso",2,2021,12,29,3270,0,226897599
Esqueï¿½ï¿½a-Me Se For C,"Marï¿½ï¿½lia Mendonï¿½ï¿½a, Maiara &",2,2021,10,14,580,0,258316038
Miï¿½ï¿½n,"Tini, Maria Becerra",2,2021,4,29,3406,16,596152090
Sï¿½ï¿½,"Anuel Aa, Myke Towers, Jhay Cortez",3,2021,11,18,903,0,177129919
Cigarettes,Juice WRLD,1,2021,12,10,975,0,185408548
Down Under (feat. Colin Hay),"Luude, Colin Hay",2,2021,11,19,3541,2,252871192
Mujeriego,Ryan Castro,1,2021,12,17,1492,0,231996128
Problemï¿½,"Alvaro Diaz, Rauw Alejandro",2,2021,10,22,1517,0,209768491
Hrs and Hrs,Muni Long,1,2021,11,19,1800,0,181328253
Christmas Tree,V,1,2021,12,24,509,9,317622165
Envolver,Anitta,1,2021,11,11,4673,2,546191065
Jordan,Ryan Castro,1,2021,4,30,2844,2,394030335
this is what falling in love feels like,JVKE,1,2021,9,3,2005,0,346127840
"jealousy, jealousy",Olivia Rodrigo,1,2021,5,21,3257,0,665765558
Monï¿½ï¿½y so,YEAT,1,2021,9,10,1473,0,263779030
Angel Baby,Troye Sivan,1,2021,9,9,1959,9,408843328
Ain't Shit,Doja Cat,1,2021,6,25,3436,0,499710590
SloMo,Chanel,1,2021,12,24,1211,0,65719930
Flowers,Lauren Spencer Smith,1,2021,8,9,801,0,184826429
295,Sidhu Moose Wala,1,2021,5,15,246,4,183273246
Angels Like You,Miley Cyrus,1,2020,11,27,3372,19,570515054
cardigan,Taylor Swift,1,2020,7,24,7923,29,812019557
Heat Waves,Glass Animals,1,2020,6,28,22543,63,2557975762
Still With You,Jung Kook,1,2020,6,5,31,39,38411956
august,Taylor Swift,1,2020,7,24,7324,22,607123776
Save Your Tears,The Weeknd,1,2020,3,20,12688,13,1591223784
Shut up My Moms Calling,Hotel Ugly,1,2020,2,10,1788,14,405136812
Save Your Tears (with Ariana Grande) (Remix),"Ariana Grande, The Weeknd",2,2020,3,20,9161,5,1221813483
After Hours,The Weeknd,1,2020,2,19,8084,6,698086140
ýýýýýýýýýýýýýýýýýýýýý,Fujii Kaze,1,2020,5,20,685,14,403097450
Heather,Conan Gray,1,2020,3,20,6170,7,1301799902
MIDDLE OF THE NIGHT,Elley Duhï¿,1,2020,1,10,4057,8,872137015
Bad Habits,Ed Sheeran,1,2020,9,3,12755,8,1555511105
Good Days,SZA,1,2020,12,24,10426,2,826623384
Levitating (feat. DaBaby),"Dua Lipa, DaBaby",2,2020,3,27,15894,8,1802514301
MONTERO (Call Me By Your Name),Lil Nas X,1,2020,9,18,12329,0,1735441776
Mon Amour - Remix,"Aitana, zzoilo",2,2020,9,21,3221,2,578207856
Todo De Ti,Rauw Alejandro,1,2020,11,2,11975,8,1168642797
Meet Me At Our Spot,"THE ANXIETY, Willow, Tyler Cole",3,2020,3,13,6734,0,530511203
Dakiti,"Bad Bunny, Jhay Cortez",2,2020,10,30,11215,21,1763363713
Life Goes On,Oliver Tree,1,2020,7,17,2868,0,501541661
Dynamite,BTS,1,2020,8,21,8528,5,1692897992
Mood (feat. Iann Dior),"24kgoldn, Iann Dior",2,2020,7,24,12854,0,1699402402
Sky,Playboi Carti,1,2020,12,25,3297,3,506778838
The Business,Tiï¿½ï¿,1,2020,1,1,14311,0,1062345656
positions,Ariana Grande,1,2020,10,23,8207,0,1252563873
HEARTBREAK ANNIVERSARY,Giveon,1,2020,2,21,5398,4,951637566
you broke me first,Tate McRae,1,2020,4,17,6638,0,1180094974
Excuses,"Intense, AP Dhillon, Gurinder Gill",3,2020,7,24,272,4,327498031
Contection,"GODZZ__-, Zakaria",2,2020,1,16,6955,0,1180896317
A Tu Merced,Bad Bunny,1,2020,2,29,4214,11,685071800
La Santa,"Daddy Yankee, Bad Bunny",2,2020,2,29,4890,20,759208783
La Zona,Bad Bunny,1,2020,2,29,1188,0,312622938
Levitating,Dua Lipa,1,2020,3,27,9833,0,797196073
Demasiadas Mujeres,C. Tangana,1,2020,10,8,2226,0,339473453
Caile,Luar La L,1,2020,12,18,1494,2,273914335
I Really Want to Stay at Your House,"Rosa Walton, Hallie Coggins",2,2020,12,18,668,1,140430339